-- phpMyAdmin SQL Dump
-- version 5.2.0
-- https://www.phpmyadmin.net/
--
-- Servidor: 127.0.0.1
-- Tiempo de generación: 07-12-2022 a las 18:08:00
-- Versión del servidor: 10.4.24-MariaDB
-- Versión de PHP: 8.0.19

SET SQL_MODE = "NO_AUTO_VALUE_ON_ZERO";
START TRANSACTION;
SET time_zone = "+00:00";


/*!40101 SET @OLD_CHARACTER_SET_CLIENT=@@CHARACTER_SET_CLIENT */;
/*!40101 SET @OLD_CHARACTER_SET_RESULTS=@@CHARACTER_SET_RESULTS */;
/*!40101 SET @OLD_COLLATION_CONNECTION=@@COLLATION_CONNECTION */;
/*!40101 SET NAMES utf8mb4 */;

--
-- Base de datos: `controller`
--

-- --------------------------------------------------------

--
-- Estructura de tabla para la tabla `config`
--

CREATE TABLE `config` (
  `id` int(11) NOT NULL,
  `mode` varchar(20) NOT NULL
) ENGINE=InnoDB DEFAULT CHARSET=utf8mb4;

--
-- Volcado de datos para la tabla `config`
--

INSERT INTO `config` (`id`, `mode`) VALUES
(1, 'normal');

-- --------------------------------------------------------

--
-- Estructura de tabla para la tabla `gaslevel`
--

CREATE TABLE `gaslevel` (
  `id` int(11) NOT NULL,
  `value` varchar(10) NOT NULL,
  `state` varchar(255) NOT NULL,
  `date_time` timestamp NOT NULL DEFAULT current_timestamp()
) ENGINE=InnoDB DEFAULT CHARSET=utf8mb4;

--
-- Volcado de datos para la tabla `gaslevel`
--

INSERT INTO `gaslevel` (`id`, `value`, `state`, `date_time`) VALUES
(1, '31', 'Normal', '2022-11-22 00:33:03'),
(2, '31', 'Normal', '2022-11-22 00:33:06'),
(3, '31', 'Normal', '2022-11-22 00:33:09'),
(4, '31', 'Normal', '2022-11-22 00:33:13'),
(5, '31', 'Normal', '2022-11-22 00:33:16'),
(6, '31', 'Normal', '2022-11-22 00:33:19'),
(7, '31', 'Normal', '2022-11-22 00:33:22'),
(8, '31', 'Normal', '2022-11-22 00:33:26'),
(9, '31', 'Normal', '2022-11-22 00:33:29'),
(10, '31', 'Normal', '2022-11-22 00:33:32'),
(11, '31', 'Normal', '2022-11-22 00:33:36'),
(12, '31', 'Normal', '2022-11-22 00:33:39'),
(13, '30', 'Normal', '2022-11-22 00:33:43'),
(14, '31', 'Normal', '2022-11-22 00:33:46'),
(15, '30', 'Normal', '2022-11-22 00:33:49'),
(16, '30', 'Normal', '2022-11-22 00:33:53'),
(17, '30', 'Normal', '2022-11-22 00:33:56'),
(18, '30', 'Normal', '2022-11-22 00:33:59'),
(19, '31', 'Normal', '2022-11-22 00:34:03'),
(20, '32', 'Normal', '2022-11-22 00:34:06'),
(21, '34', 'Normal', '2022-11-22 00:34:09'),
(22, '34', 'Normal', '2022-11-22 00:34:12'),
(23, '34', 'Normal', '2022-11-22 00:34:16'),
(24, '34', 'Normal', '2022-11-22 00:34:19'),
(25, '34', 'Normal', '2022-11-22 00:34:22'),
(26, '33', 'Normal', '2022-11-22 00:34:26'),
(27, '33', 'Normal', '2022-11-22 00:34:29'),
(28, '33', 'Normal', '2022-11-22 00:34:32'),
(29, '33', 'Normal', '2022-11-22 00:34:36'),
(30, '32', 'Normal', '2022-11-22 00:34:39'),
(31, '32', 'Normal', '2022-11-22 00:34:42'),
(32, '32', 'Normal', '2022-11-22 00:34:45'),
(33, '32', 'Normal', '2022-11-22 00:34:49'),
(34, '32', 'Normal', '2022-11-22 00:34:52'),
(35, '32', 'Normal', '2022-11-22 00:34:55'),
(36, '32', 'Normal', '2022-11-22 00:34:59'),
(37, '32', 'Normal', '2022-11-22 00:35:02'),
(38, '31', 'Normal', '2022-11-22 00:35:05'),
(39, '31', 'Normal', '2022-11-22 00:35:08'),
(40, '31', 'Normal', '2022-11-22 00:35:12'),
(41, '31', 'Normal', '2022-11-22 00:35:15'),
(42, '31', 'Normal', '2022-11-22 00:35:18'),
(43, '31', 'Normal', '2022-11-22 00:35:22'),
(44, '31', 'Normal', '2022-11-22 00:35:25'),
(45, '31', 'Normal', '2022-11-22 00:35:28'),
(46, '31', 'Normal', '2022-11-22 00:35:32'),
(47, '31', 'Normal', '2022-11-22 00:35:35'),
(48, '31', 'Normal', '2022-11-22 00:35:38'),
(49, '31', 'Normal', '2022-11-22 00:35:41'),
(50, '31', 'Normal', '2022-11-22 00:35:45'),
(51, '31', 'Normal', '2022-11-22 00:35:48'),
(52, '31', 'Normal', '2022-11-22 00:35:51'),
(53, '31', 'Normal', '2022-11-22 00:35:55'),
(54, '31', 'Normal', '2022-11-22 00:35:58'),
(55, '30', 'Normal', '2022-11-22 00:36:01'),
(56, '30', 'Normal', '2022-11-22 00:36:05'),
(57, '30', 'Normal', '2022-11-22 00:36:08'),
(58, '30', 'Normal', '2022-11-22 00:36:11'),
(59, '30', 'Normal', '2022-11-22 00:36:14'),
(60, '30', 'Normal', '2022-11-22 00:36:18'),
(61, '30', 'Normal', '2022-11-22 00:36:21'),
(62, '30', 'Normal', '2022-11-22 00:36:24'),
(63, '30', 'Normal', '2022-11-22 00:36:28'),
(64, '30', 'Normal', '2022-11-22 00:36:31'),
(65, '30', 'Normal', '2022-11-22 00:36:34'),
(66, '30', 'Normal', '2022-11-22 00:36:37'),
(67, '30', 'Normal', '2022-11-22 00:36:41'),
(68, '30', 'Normal', '2022-11-22 00:36:44'),
(69, '30', 'Normal', '2022-11-22 00:36:47'),
(70, '30', 'Normal', '2022-11-22 00:36:51'),
(71, '30', 'Normal', '2022-11-22 00:36:54'),
(72, '30', 'Normal', '2022-11-22 00:36:57'),
(73, '30', 'Normal', '2022-11-22 00:37:01'),
(74, '30', 'Normal', '2022-11-22 00:37:04'),
(75, '30', 'Normal', '2022-11-22 00:37:07'),
(76, '30', 'Normal', '2022-11-22 00:37:10'),
(77, '34', 'Normal', '2022-11-22 13:31:18'),
(78, '34', 'Normal', '2022-11-22 13:31:22'),
(79, '34', 'Normal', '2022-11-22 13:31:26'),
(80, '34', 'Normal', '2022-11-22 13:31:31'),
(81, '34', 'Normal', '2022-11-22 13:31:34'),
(82, '33', 'Normal', '2022-11-22 13:31:39'),
(83, '33', 'Normal', '2022-11-22 13:31:42'),
(84, '34', 'Normal', '2022-11-22 13:31:46'),
(85, '33', 'Normal', '2022-11-22 13:31:50'),
(86, '34', 'Normal', '2022-11-22 13:31:54'),
(87, '33', 'Normal', '2022-11-22 13:32:01'),
(88, '33', 'Normal', '2022-11-22 13:32:05'),
(89, '32', 'Normal', '2022-11-22 13:32:09'),
(90, '32', 'Normal', '2022-11-22 13:32:12'),
(91, '33', 'Normal', '2022-11-22 13:32:16'),
(92, '32', 'Normal', '2022-11-22 13:32:20'),
(93, '32', 'Normal', '2022-11-22 13:32:24'),
(94, '32', 'Normal', '2022-11-22 13:32:28'),
(95, '32', 'Normal', '2022-11-22 13:32:32'),
(96, '32', 'Normal', '2022-11-22 13:32:37'),
(97, '32', 'Normal', '2022-11-22 13:32:41'),
(98, '32', 'Normal', '2022-11-22 13:32:45'),
(99, '31', 'Normal', '2022-11-22 13:32:48'),
(100, '31', 'Normal', '2022-11-22 13:32:52'),
(101, '32', 'Normal', '2022-11-22 13:32:56'),
(102, '32', 'Normal', '2022-11-22 13:32:59'),
(103, '32', 'Normal', '2022-11-22 13:33:03'),
(104, '32', 'Normal', '2022-11-22 13:33:07'),
(105, '32', 'Normal', '2022-11-22 13:33:11'),
(106, '32', 'Normal', '2022-11-22 13:33:14'),
(107, '32', 'Normal', '2022-11-22 13:33:18'),
(108, '32', 'Normal', '2022-11-22 13:33:22'),
(109, '32', 'Normal', '2022-11-22 13:33:26'),
(110, '32', 'Normal', '2022-11-22 13:33:29'),
(111, '32', 'Normal', '2022-11-22 13:33:33'),
(112, '31', 'Normal', '2022-11-22 13:33:37'),
(113, '32', 'Normal', '2022-11-22 13:33:40'),
(114, '32', 'Normal', '2022-11-22 13:33:44'),
(115, '45', 'Warning: level a bit high', '2022-11-23 17:01:16'),
(116, '46', 'Warning: level a bit high', '2022-11-23 17:01:19'),
(117, '45', 'Warning: level a bit high', '2022-11-23 17:01:23'),
(118, '45', 'Warning: level a bit high', '2022-11-23 17:01:26'),
(119, '44', 'Warning: level a bit high', '2022-11-23 17:01:30'),
(120, '38', 'Normal', '2022-11-23 17:01:33'),
(121, '0', 'Normal', '2022-11-23 17:09:28'),
(122, '0', 'Normal', '2022-11-23 17:09:32'),
(123, '0', 'Normal', '2022-11-23 17:09:35'),
(124, '0', 'Normal', '2022-11-23 17:09:39'),
(125, '70', 'Warning: level a bit high', '2022-11-23 17:09:43'),
(126, '6', 'Normal', '2022-11-23 17:09:47'),
(127, '8', 'Normal', '2022-11-23 17:09:51'),
(128, '9', 'Normal', '2022-11-23 17:09:55'),
(129, '12', 'Normal', '2022-11-23 17:09:59'),
(130, '12', 'Normal', '2022-11-23 17:10:03'),
(131, '11', 'Normal', '2022-11-23 17:10:06'),
(132, '12', 'Normal', '2022-11-23 17:10:10'),
(133, '27', 'Normal', '2022-11-23 17:11:23'),
(134, '27', 'Normal', '2022-11-23 17:11:28'),
(135, '27', 'Normal', '2022-11-23 17:11:32'),
(136, '27', 'Normal', '2022-11-23 17:11:36'),
(137, '27', 'Normal', '2022-11-23 17:11:39'),
(138, '27', 'Normal', '2022-11-23 17:11:43'),
(139, '27', 'Normal', '2022-11-23 17:11:47'),
(140, '27', 'Normal', '2022-11-23 17:11:51'),
(141, '26', 'Normal', '2022-11-23 17:11:55'),
(142, '26', 'Normal', '2022-11-23 17:11:59'),
(143, '26', 'Normal', '2022-11-23 17:12:03'),
(144, '26', 'Normal', '2022-11-23 17:12:07'),
(145, '26', 'Normal', '2022-11-23 17:12:10'),
(146, '26', 'Normal', '2022-11-23 17:12:14'),
(147, '26', 'Normal', '2022-11-23 17:12:17'),
(148, '26', 'Normal', '2022-11-23 17:12:21'),
(149, '26', 'Normal', '2022-11-23 17:12:25'),
(150, '26', 'Normal', '2022-11-23 17:12:29'),
(151, '26', 'Normal', '2022-11-23 17:12:33'),
(152, '25', 'Normal', '2022-11-23 17:12:37'),
(153, '25', 'Normal', '2022-11-23 17:12:41'),
(154, '25', 'Normal', '2022-11-23 17:12:45'),
(155, '25', 'Normal', '2022-11-23 17:12:49'),
(156, '25', 'Normal', '2022-11-23 17:12:53'),
(157, '25', 'Normal', '2022-11-23 17:12:57'),
(158, '25', 'Normal', '2022-11-23 17:13:00'),
(159, '25', 'Normal', '2022-11-23 17:13:04'),
(160, '25', 'Normal', '2022-11-23 17:13:07'),
(161, '25', 'Normal', '2022-11-23 17:13:11'),
(162, '30', 'Normal', '2022-11-23 17:13:15'),
(163, '33', 'Normal', '2022-11-23 17:13:19'),
(164, '34', 'Normal', '2022-11-23 17:13:23'),
(165, '34', 'Normal', '2022-11-23 17:13:26'),
(166, '34', 'Normal', '2022-11-23 17:13:30'),
(167, '37', 'Normal', '2022-11-23 17:13:34'),
(168, '37', 'Normal', '2022-11-23 17:13:37'),
(169, '39', 'Normal', '2022-11-23 17:13:41'),
(170, '39', 'Normal', '2022-11-23 17:13:45'),
(171, '40', 'Normal', '2022-11-23 17:13:49'),
(172, '41', 'Normal', '2022-11-23 17:13:52'),
(173, '40', 'Normal', '2022-11-23 17:13:56'),
(174, '41', 'Normal', '2022-11-23 17:13:59'),
(175, '39', 'Normal', '2022-11-23 17:14:03'),
(176, '36', 'Normal', '2022-11-23 17:14:07'),
(177, '35', 'Normal', '2022-11-23 17:14:11'),
(178, '34', 'Normal', '2022-11-23 17:14:15'),
(179, '33', 'Normal', '2022-11-23 17:14:18'),
(180, '33', 'Normal', '2022-11-23 17:14:22'),
(181, '33', 'Normal', '2022-11-23 17:14:26'),
(182, '33', 'Normal', '2022-11-23 17:14:29'),
(183, '33', 'Normal', '2022-11-23 17:14:33'),
(184, '32', 'Normal', '2022-11-23 17:14:37'),
(185, '32', 'Normal', '2022-11-23 17:14:41'),
(186, '32', 'Normal', '2022-11-23 17:14:44'),
(187, '32', 'Normal', '2022-11-23 17:14:48'),
(188, '34', 'Normal', '2022-11-23 17:14:52'),
(189, '36', 'Normal', '2022-11-23 17:14:56'),
(190, '37', 'Normal', '2022-11-23 17:15:00'),
(191, '38', 'Normal', '2022-11-23 17:15:04'),
(192, '38', 'Normal', '2022-11-23 17:15:08'),
(193, '39', 'Warning: level a bit high', '2022-11-23 17:15:11'),
(194, '40', 'Warning: level a bit high', '2022-11-23 17:15:15'),
(195, '40', 'Warning: level a bit high', '2022-11-23 17:15:18'),
(196, '38', 'Normal', '2022-11-23 17:15:22'),
(197, '36', 'Normal', '2022-11-23 17:15:26'),
(198, '35', 'Normal', '2022-11-23 17:15:30'),
(199, '34', 'Normal', '2022-11-23 17:15:34'),
(200, '34', 'Normal', '2022-11-23 17:15:38'),
(201, '33', 'Normal', '2022-11-23 17:15:42'),
(202, '33', 'Normal', '2022-11-23 17:15:46'),
(203, '33', 'Normal', '2022-11-23 17:15:50'),
(204, '34', 'Normal', '2022-11-23 17:15:53'),
(205, '34', 'Normal', '2022-11-23 17:15:57'),
(206, '33', 'Normal', '2022-11-23 17:16:01'),
(207, '34', 'Normal', '2022-11-23 17:16:05'),
(208, '36', 'Normal', '2022-11-23 17:16:09'),
(209, '36', 'Normal', '2022-11-23 17:16:14'),
(210, '38', 'Normal', '2022-11-23 17:16:17'),
(211, '39', 'Warning: level a bit high', '2022-11-23 17:16:21'),
(212, '38', 'Normal', '2022-11-23 17:16:24'),
(213, '40', 'Warning: level a bit high', '2022-11-23 17:16:28'),
(214, '41', 'Warning: level a bit high', '2022-11-23 17:16:32'),
(215, '41', 'Warning: level a bit high', '2022-11-23 17:16:36'),
(216, '37', 'Normal', '2022-11-23 17:16:40'),
(217, '35', 'Normal', '2022-11-23 17:16:44'),
(218, '34', 'Normal', '2022-11-23 17:16:48'),
(219, '33', 'Normal', '2022-11-23 17:16:52'),
(220, '32', 'Normal', '2022-11-23 17:16:57'),
(221, '32', 'Normal', '2022-11-23 17:17:00'),
(222, '32', 'Normal', '2022-11-23 17:17:04'),
(223, '31', 'Normal', '2022-11-23 17:17:08'),
(224, '31', 'Normal', '2022-11-23 17:17:12'),
(225, '31', 'Normal', '2022-11-23 17:17:16'),
(226, '31', 'Normal', '2022-11-23 17:17:20'),
(227, '31', 'Normal', '2022-11-23 17:17:24'),
(228, '31', 'Normal', '2022-11-23 17:17:28'),
(229, '31', 'Normal', '2022-11-23 17:17:31'),
(230, '31', 'Normal', '2022-11-23 17:17:35'),
(231, '31', 'Normal', '2022-11-23 17:17:39'),
(232, '31', 'Normal', '2022-11-23 17:17:43'),
(233, '31', 'Normal', '2022-11-23 17:17:47'),
(234, '30', 'Normal', '2022-11-23 17:17:51'),
(235, '26', 'Normal', '2022-11-23 17:17:55'),
(236, '38', 'Normal', '2022-11-29 16:30:24'),
(237, '38', 'Normal', '2022-11-29 16:30:28'),
(238, '37', 'Normal', '2022-11-29 16:30:33'),
(239, '36', 'Normal', '2022-11-29 16:30:36'),
(240, '38', 'Normal', '2022-11-29 16:30:40'),
(241, '37', 'Normal', '2022-11-29 16:30:43'),
(242, '36', 'Normal', '2022-11-29 16:30:47'),
(243, '37', 'Normal', '2022-11-29 16:30:50'),
(244, '36', 'Normal', '2022-11-29 16:30:54'),
(245, '36', 'Normal', '2022-11-29 16:30:58'),
(246, '37', 'Normal', '2022-11-29 16:31:02'),
(247, '38', 'Normal', '2022-11-29 16:31:05'),
(248, '36', 'Normal', '2022-11-29 16:31:09'),
(249, '35', 'Normal', '2022-11-29 16:31:13'),
(250, '36', 'Normal', '2022-11-29 16:31:16'),
(251, '37', 'Normal', '2022-11-29 16:31:20'),
(252, '37', 'Normal', '2022-11-29 16:31:23'),
(253, '36', 'Normal', '2022-11-29 16:31:27'),
(254, '37', 'Normal', '2022-11-29 16:31:30'),
(255, '37', 'Normal', '2022-11-29 16:31:34'),
(256, '37', 'Normal', '2022-11-29 16:31:37'),
(257, '37', 'Normal', '2022-11-29 16:31:41'),
(258, '37', 'Normal', '2022-11-29 16:31:44'),
(259, '36', 'Normal', '2022-11-29 16:31:48'),
(260, '35', 'Normal', '2022-11-29 16:31:52'),
(261, '35', 'Normal', '2022-11-29 16:31:56'),
(262, '35', 'Normal', '2022-11-29 16:32:00'),
(263, '38', 'Normal', '2022-11-29 16:32:04'),
(264, '39', 'Warning: level a bit high', '2022-11-29 16:32:08'),
(265, '39', 'Warning: level a bit high', '2022-11-29 16:32:12'),
(266, '39', 'Warning: level a bit high', '2022-11-29 16:32:15'),
(267, '40', 'Warning: level a bit high', '2022-11-29 16:32:19'),
(268, '39', 'Warning: level a bit high', '2022-11-29 16:32:22'),
(269, '39', 'Warning: level a bit high', '2022-11-29 16:32:27'),
(270, '39', 'Warning: level a bit high', '2022-11-29 16:32:31'),
(271, '40', 'Warning: level a bit high', '2022-11-29 16:32:35'),
(272, '40', 'Warning: level a bit high', '2022-11-29 16:32:39'),
(273, '41', 'Warning: level a bit high', '2022-11-29 16:32:43'),
(274, '41', 'Warning: level a bit high', '2022-11-29 16:32:47'),
(275, '41', 'Warning: level a bit high', '2022-11-29 16:32:50'),
(276, '41', 'Warning: level a bit high', '2022-11-29 16:32:54'),
(277, '40', 'Warning: level a bit high', '2022-11-29 16:32:57'),
(278, '40', 'Warning: level a bit high', '2022-11-29 16:33:00'),
(279, '41', 'Warning: level a bit high', '2022-11-29 16:33:05'),
(280, '41', 'Warning: level a bit high', '2022-11-29 16:33:08'),
(281, '40', 'Warning: level a bit high', '2022-11-29 16:33:12'),
(282, '41', 'Warning: level a bit high', '2022-11-29 16:33:16'),
(283, '41', 'Warning: level a bit high', '2022-11-29 16:33:20'),
(284, '40', 'Warning: level a bit high', '2022-11-29 16:33:23'),
(285, '40', 'Warning: level a bit high', '2022-11-29 16:33:27'),
(286, '40', 'Warning: level a bit high', '2022-11-29 16:33:31'),
(287, '39', 'Warning: level a bit high', '2022-11-29 16:33:34'),
(288, '40', 'Warning: level a bit high', '2022-11-29 16:33:38'),
(289, '40', 'Warning: level a bit high', '2022-11-29 16:33:42'),
(290, '40', 'Warning: level a bit high', '2022-11-29 16:33:46'),
(291, '40', 'Warning: level a bit high', '2022-11-29 16:33:50'),
(292, '40', 'Warning: level a bit high', '2022-11-29 16:33:54'),
(293, '40', 'Warning: level a bit high', '2022-11-29 16:33:57'),
(294, '40', 'Warning: level a bit high', '2022-11-29 16:34:01'),
(295, '40', 'Warning: level a bit high', '2022-11-29 16:34:05'),
(296, '40', 'Warning: level a bit high', '2022-11-29 16:34:09'),
(297, '40', 'Warning: level a bit high', '2022-11-29 16:34:14'),
(298, '40', 'Warning: level a bit high', '2022-11-29 16:34:17'),
(299, '40', 'Warning: level a bit high', '2022-11-29 16:34:21'),
(300, '39', 'Warning: level a bit high', '2022-11-29 16:34:24'),
(301, '39', 'Warning: level a bit high', '2022-11-29 16:34:28'),
(302, '39', 'Warning: level a bit high', '2022-11-29 16:34:32'),
(303, '39', 'Warning: level a bit high', '2022-11-29 16:34:36'),
(304, '39', 'Warning: level a bit high', '2022-11-29 16:34:40'),
(305, '39', 'Warning: level a bit high', '2022-11-29 16:34:43'),
(306, '39', 'Normal', '2022-11-29 16:34:47'),
(307, '39', 'Normal', '2022-11-29 16:34:52'),
(308, '39', 'Normal', '2022-11-29 16:34:55'),
(309, '39', 'Normal', '2022-11-29 16:34:59'),
(310, '39', 'Normal', '2022-11-29 16:35:03'),
(311, '39', 'Normal', '2022-11-29 16:35:06'),
(312, '39', 'Normal', '2022-11-29 16:35:10'),
(313, '38', 'Normal', '2022-11-29 16:35:14'),
(314, '38', 'Normal', '2022-11-29 16:35:17'),
(315, '38', 'Normal', '2022-11-29 16:35:22'),
(316, '38', 'Normal', '2022-11-29 16:35:25'),
(317, '38', 'Normal', '2022-11-29 16:35:29'),
(318, '38', 'Normal', '2022-11-29 16:35:33'),
(319, '38', 'Normal', '2022-11-29 16:35:37'),
(320, '38', 'Normal', '2022-11-29 16:35:40'),
(321, '38', 'Normal', '2022-11-29 16:35:44'),
(322, '37', 'Normal', '2022-11-29 16:35:47'),
(323, '37', 'Normal', '2022-11-29 16:35:51'),
(324, '36', 'Normal', '2022-11-29 16:35:54'),
(325, '37', 'Normal', '2022-11-29 16:35:58'),
(326, '37', 'Normal', '2022-11-29 16:36:02'),
(327, '37', 'Normal', '2022-11-29 16:36:06'),
(328, '37', 'Normal', '2022-11-29 16:36:09'),
(329, '39', 'Warning: level a bit high', '2022-11-30 13:20:14'),
(330, '39', 'Warning: level a bit high', '2022-11-30 13:20:17'),
(331, '40', 'Warning: level a bit high', '2022-11-30 13:20:22'),
(332, '41', 'Warning: level a bit high', '2022-11-30 13:20:25'),
(333, '41', 'Warning: level a bit high', '2022-11-30 13:20:29'),
(334, '42', 'Warning: level a bit high', '2022-11-30 13:20:33'),
(335, '41', 'Warning: level a bit high', '2022-11-30 13:20:37'),
(336, '40', 'Warning: level a bit high', '2022-11-30 13:20:41'),
(337, '40', 'Warning: level a bit high', '2022-11-30 13:20:45'),
(338, '39', 'Warning: level a bit high', '2022-11-30 13:20:49'),
(339, '39', 'Warning: level a bit high', '2022-11-30 13:20:52'),
(340, '39', 'Warning: level a bit high', '2022-11-30 13:20:56'),
(341, '39', 'Normal', '2022-11-30 13:20:59'),
(342, '38', 'Normal', '2022-11-30 13:21:03'),
(343, '38', 'Normal', '2022-11-30 13:21:07'),
(344, '38', 'Normal', '2022-11-30 13:21:11'),
(345, '38', 'Normal', '2022-11-30 13:21:15'),
(346, '38', 'Normal', '2022-11-30 13:21:19'),
(347, '38', 'Normal', '2022-11-30 13:21:23'),
(348, '38', 'Normal', '2022-11-30 13:21:27'),
(349, '38', 'Normal', '2022-11-30 13:21:34'),
(350, '38', 'Normal', '2022-11-30 13:21:38'),
(351, '37', 'Normal', '2022-11-30 13:21:42'),
(352, '37', 'Normal', '2022-11-30 13:21:45'),
(353, '37', 'Normal', '2022-11-30 13:21:49'),
(354, '37', 'Normal', '2022-11-30 13:21:53'),
(355, '37', 'Normal', '2022-11-30 13:21:57'),
(356, '37', 'Normal', '2022-11-30 13:22:01'),
(357, '37', 'Normal', '2022-11-30 13:22:05'),
(358, '37', 'Normal', '2022-11-30 13:22:08'),
(359, '37', 'Normal', '2022-11-30 13:22:12'),
(360, '38', 'Normal', '2022-11-30 13:22:19'),
(361, '39', 'Warning: level a bit high', '2022-11-30 13:22:22'),
(362, '40', 'Warning: level a bit high', '2022-11-30 13:22:26'),
(363, '40', 'Warning: level a bit high', '2022-11-30 13:22:30'),
(364, '41', 'Warning: level a bit high', '2022-11-30 13:22:35'),
(365, '41', 'Warning: level a bit high', '2022-11-30 13:22:39'),
(366, '41', 'Warning: level a bit high', '2022-11-30 13:22:43'),
(367, '40', 'Warning: level a bit high', '2022-11-30 13:22:47'),
(368, '39', 'Warning: level a bit high', '2022-11-30 13:22:51'),
(369, '38', 'Normal', '2022-11-30 13:22:55'),
(370, '38', 'Normal', '2022-11-30 13:22:59'),
(371, '37', 'Normal', '2022-11-30 13:23:03'),
(372, '37', 'Normal', '2022-11-30 13:23:07'),
(373, '37', 'Normal', '2022-11-30 13:23:10'),
(374, '37', 'Normal', '2022-11-30 13:23:14'),
(375, '37', 'Normal', '2022-11-30 13:23:18'),
(376, '36', 'Normal', '2022-11-30 13:23:22'),
(377, '36', 'Normal', '2022-11-30 13:23:26'),
(378, '36', 'Normal', '2022-11-30 13:23:30'),
(379, '36', 'Normal', '2022-11-30 13:23:34'),
(380, '36', 'Normal', '2022-11-30 13:23:37'),
(381, '36', 'Normal', '2022-11-30 13:23:41'),
(382, '36', 'Normal', '2022-11-30 13:23:45'),
(383, '36', 'Normal', '2022-11-30 13:23:48'),
(384, '36', 'Normal', '2022-11-30 13:23:53'),
(385, '36', 'Normal', '2022-11-30 13:23:57'),
(386, '35', 'Normal', '2022-11-30 13:24:00'),
(387, '35', 'Normal', '2022-11-30 13:24:04'),
(388, '35', 'Normal', '2022-11-30 13:24:07'),
(389, '35', 'Normal', '2022-11-30 13:24:11'),
(390, '35', 'Normal', '2022-11-30 13:24:14'),
(391, '35', 'Normal', '2022-11-30 13:24:19'),
(392, '35', 'Normal', '2022-11-30 13:24:22'),
(393, '35', 'Normal', '2022-11-30 13:24:26'),
(394, '35', 'Normal', '2022-11-30 13:24:33'),
(395, '35', 'Normal', '2022-11-30 13:24:36'),
(396, '35', 'Normal', '2022-11-30 13:24:40'),
(397, '35', 'Normal', '2022-11-30 13:24:46'),
(398, '34', 'Normal', '2022-11-30 13:24:50'),
(399, '34', 'Normal', '2022-11-30 13:24:54'),
(400, '34', 'Normal', '2022-11-30 13:24:58'),
(401, '34', 'Normal', '2022-11-30 13:25:05'),
(402, '34', 'Normal', '2022-11-30 13:25:11'),
(403, '34', 'Normal', '2022-11-30 13:25:15'),
(404, '34', 'Normal', '2022-11-30 13:25:19'),
(405, '34', 'Normal', '2022-11-30 13:25:22'),
(406, '34', 'Normal', '2022-11-30 13:25:29'),
(407, '34', 'Normal', '2022-11-30 13:25:33'),
(408, '34', 'Normal', '2022-11-30 13:25:37'),
(409, '34', 'Normal', '2022-11-30 13:25:41'),
(410, '34', 'Normal', '2022-11-30 13:25:46'),
(411, '33', 'Normal', '2022-11-30 13:25:50'),
(412, '33', 'Normal', '2022-11-30 13:25:54'),
(413, '33', 'Normal', '2022-11-30 13:25:58'),
(414, '33', 'Normal', '2022-11-30 13:26:02'),
(415, '33', 'Normal', '2022-11-30 13:26:05'),
(416, '33', 'Normal', '2022-11-30 13:26:10'),
(417, '33', 'Normal', '2022-11-30 13:26:13'),
(418, '33', 'Normal', '2022-11-30 13:26:20'),
(419, '33', 'Normal', '2022-11-30 13:26:23'),
(420, '33', 'Normal', '2022-11-30 13:26:27'),
(421, '33', 'Normal', '2022-11-30 13:26:31'),
(422, '33', 'Normal', '2022-11-30 13:26:38'),
(423, '33', 'Normal', '2022-11-30 13:26:43'),
(424, '33', 'Normal', '2022-11-30 13:26:47'),
(425, '33', 'Normal', '2022-11-30 13:26:51'),
(426, '33', 'Normal', '2022-11-30 13:26:55'),
(427, '33', 'Normal', '2022-11-30 13:26:59'),
(428, '32', 'Normal', '2022-11-30 13:27:02'),
(429, '32', 'Normal', '2022-11-30 13:27:06'),
(430, '32', 'Normal', '2022-11-30 13:27:10'),
(431, '32', 'Normal', '2022-11-30 13:27:13'),
(432, '32', 'Normal', '2022-11-30 13:27:17'),
(433, '32', 'Normal', '2022-11-30 13:27:21'),
(434, '32', 'Normal', '2022-11-30 13:27:25'),
(435, '32', 'Normal', '2022-11-30 13:27:29'),
(436, '32', 'Normal', '2022-11-30 13:27:33'),
(437, '32', 'Normal', '2022-11-30 13:27:37'),
(438, '32', 'Normal', '2022-11-30 13:27:40'),
(439, '32', 'Normal', '2022-11-30 13:27:44'),
(440, '32', 'Normal', '2022-11-30 13:27:48'),
(441, '32', 'Normal', '2022-11-30 13:27:52'),
(442, '32', 'Normal', '2022-11-30 13:27:59'),
(443, '32', 'Normal', '2022-11-30 13:28:03'),
(444, '46', 'Warning: level a bit high', '2022-12-07 17:00:04'),
(445, '46', 'Warning: level a bit high', '2022-12-07 17:00:08'),
(446, '47', 'Warning: level a bit high', '2022-12-07 17:00:11'),
(447, '47', 'Warning: level a bit high', '2022-12-07 17:00:18'),
(448, '46', 'Warning: level a bit high', '2022-12-07 17:00:22'),
(449, '46', 'Warning: level a bit high', '2022-12-07 17:00:26'),
(450, '44', 'Warning: level a bit high', '2022-12-07 17:00:30'),
(451, '43', 'Warning: level a bit high', '2022-12-07 17:00:33'),
(452, '41', 'Warning: level a bit high', '2022-12-07 17:00:37'),
(453, '42', 'Warning: level a bit high', '2022-12-07 17:00:41'),
(454, '43', 'Warning: level a bit high', '2022-12-07 17:00:45'),
(455, '42', 'Warning: level a bit high', '2022-12-07 17:00:48'),
(456, '44', 'Warning: level a bit high', '2022-12-07 17:00:52'),
(457, '45', 'Warning: level a bit high', '2022-12-07 17:01:03'),
(458, '45', 'Warning: level a bit high', '2022-12-07 17:01:06'),
(459, '45', 'Warning: level a bit high', '2022-12-07 17:01:11'),
(460, '45', 'Warning: level a bit high', '2022-12-07 17:01:14'),
(461, '45', 'Warning: level a bit high', '2022-12-07 17:01:18'),
(462, '45', 'Warning: level a bit high', '2022-12-07 17:01:21'),
(463, '45', 'Warning: level a bit high', '2022-12-07 17:01:25'),
(464, '45', 'Warning: level a bit high', '2022-12-07 17:01:29'),
(465, '45', 'Warning: level a bit high', '2022-12-07 17:01:33'),
(466, '45', 'Warning: level a bit high', '2022-12-07 17:01:37'),
(467, '45', 'Warning: level a bit high', '2022-12-07 17:01:41'),
(468, '45', 'Warning: level a bit high', '2022-12-07 17:01:45'),
(469, '45', 'Warning: level a bit high', '2022-12-07 17:01:49'),
(470, '45', 'Warning: level a bit high', '2022-12-07 17:01:52'),
(471, '45', 'Warning: level a bit high', '2022-12-07 17:01:56'),
(472, '45', 'Warning: level a bit high', '2022-12-07 17:02:00'),
(473, '45', 'Warning: level a bit high', '2022-12-07 17:02:03'),
(474, '45', 'Warning: level a bit high', '2022-12-07 17:02:07'),
(475, '45', 'Warning: level a bit high', '2022-12-07 17:02:11'),
(476, '45', 'Warning: level a bit high', '2022-12-07 17:02:15'),
(477, '44', 'Warning: level a bit high', '2022-12-07 17:02:19'),
(478, '44', 'Warning: level a bit high', '2022-12-07 17:02:23'),
(479, '44', 'Warning: level a bit high', '2022-12-07 17:02:28'),
(480, '44', 'Warning: level a bit high', '2022-12-07 17:02:31'),
(481, '44', 'Warning: level a bit high', '2022-12-07 17:02:35'),
(482, '44', 'Warning: level a bit high', '2022-12-07 17:02:39'),
(483, '44', 'Warning: level a bit high', '2022-12-07 17:02:43'),
(484, '44', 'Warning: level a bit high', '2022-12-07 17:02:48'),
(485, '43', 'Warning: level a bit high', '2022-12-07 17:02:51'),
(486, '44', 'Warning: level a bit high', '2022-12-07 17:02:55'),
(487, '44', 'Warning: level a bit high', '2022-12-07 17:02:59'),
(488, '44', 'Warning: level a bit high', '2022-12-07 17:03:03'),
(489, '44', 'Warning: level a bit high', '2022-12-07 17:03:06'),
(490, '44', 'Warning: level a bit high', '2022-12-07 17:03:11'),
(491, '44', 'Warning: level a bit high', '2022-12-07 17:03:14'),
(492, '43', 'Warning: level a bit high', '2022-12-07 17:03:18'),
(493, '43', 'Warning: level a bit high', '2022-12-07 17:03:25'),
(494, '43', 'Warning: level a bit high', '2022-12-07 17:03:28'),
(495, '43', 'Warning: level a bit high', '2022-12-07 17:03:32'),
(496, '43', 'Warning: level a bit high', '2022-12-07 17:03:36'),
(497, '43', 'Warning: level a bit high', '2022-12-07 17:03:40');

-- --------------------------------------------------------

--
-- Estructura de tabla para la tabla `mq_state`
--

CREATE TABLE `mq_state` (
  `mq_id` bigint(20) UNSIGNED NOT NULL,
  `state` varchar(10) NOT NULL,
  `date_time` datetime NOT NULL DEFAULT current_timestamp() ON UPDATE current_timestamp(),
  `user_id` bigint(20) UNSIGNED NOT NULL
) ENGINE=InnoDB DEFAULT CHARSET=utf8mb4;

--
-- Volcado de datos para la tabla `mq_state`
--

INSERT INTO `mq_state` (`mq_id`, `state`, `date_time`, `user_id`) VALUES
(59, 'ON', '2022-11-23 10:57:21', 4),
(60, 'OFF', '2022-11-23 10:58:12', 4),
(61, 'ON', '2022-11-23 10:58:21', 4),
(62, 'ON', '2022-11-29 02:36:34', 4),
(63, 'OFF', '2022-11-29 02:36:35', 4),
(64, 'ON', '2022-11-29 02:37:16', 4),
(65, 'OFF', '2022-11-29 02:37:17', 4),
(66, 'ON', '2022-11-29 02:37:18', 4),
(67, 'OFF', '2022-11-29 02:37:18', 4),
(68, 'ON', '2022-11-29 02:37:19', 4),
(69, 'OFF', '2022-11-29 02:37:20', 4),
(70, 'ON', '2022-11-29 02:37:41', 4),
(71, 'OFF', '2022-11-29 02:37:42', 4),
(72, 'ON', '2022-11-29 02:37:43', 4),
(73, 'OFF', '2022-11-29 02:37:44', 4),
(74, 'ON', '2022-11-29 02:37:45', 4),
(75, 'OFF', '2022-11-29 02:37:45', 4),
(76, 'ON', '2022-11-29 10:30:23', 4),
(77, 'ON', '2022-11-29 10:33:12', 4),
(78, 'OFF', '2022-11-29 10:36:11', 4),
(79, 'ON', '2022-11-30 07:20:11', 4),
(80, 'ON', '2022-12-02 21:37:53', 4),
(81, 'OFF', '2022-12-02 21:37:56', 4),
(82, 'ON', '2022-12-02 21:37:58', 4),
(83, 'OFF', '2022-12-02 21:38:02', 4),
(84, 'ON', '2022-12-02 21:39:56', 4),
(85, 'OFF', '2022-12-02 21:43:11', 4),
(86, 'ON', '2022-12-07 11:00:02', 4),
(87, 'OFF', '2022-12-07 11:00:54', 4),
(88, 'ON', '2022-12-07 11:01:01', 4),
(89, 'OFF', '2022-12-07 11:03:39', 4),
(90, 'ON', '2022-12-07 11:04:16', 4),
(91, 'OFF', '2022-12-07 11:04:26', 4);

-- --------------------------------------------------------

--
-- Estructura de tabla para la tabla `pir_state`
--

CREATE TABLE `pir_state` (
  `pir_id` bigint(20) UNSIGNED NOT NULL,
  `state` varchar(10) NOT NULL,
  `date_time` timestamp NOT NULL DEFAULT current_timestamp() ON UPDATE current_timestamp(),
  `user_id` bigint(20) UNSIGNED NOT NULL
) ENGINE=InnoDB DEFAULT CHARSET=utf8mb4;

--
-- Volcado de datos para la tabla `pir_state`
--

INSERT INTO `pir_state` (`pir_id`, `state`, `date_time`, `user_id`) VALUES
(66, 'ON', '2022-11-21 22:58:48', 33),
(67, 'OFF', '2022-11-21 22:59:34', 33),
(69, 'ON', '2022-11-29 08:36:30', 4),
(70, 'OFF', '2022-11-29 08:36:33', 4),
(71, 'ON', '2022-11-29 08:37:21', 4),
(72, 'OFF', '2022-11-29 08:37:22', 4),
(73, 'ON', '2022-11-29 08:37:23', 4),
(74, 'OFF', '2022-11-29 08:37:24', 4),
(75, 'ON', '2022-11-29 08:37:25', 4),
(76, 'OFF', '2022-11-29 08:37:26', 4),
(77, 'ON', '2022-11-29 08:37:35', 4),
(78, 'OFF', '2022-11-29 08:37:36', 4),
(79, 'ON', '2022-11-29 08:37:37', 4),
(80, 'OFF', '2022-11-29 08:37:38', 4),
(81, 'ON', '2022-11-29 08:37:39', 4),
(82, 'OFF', '2022-11-29 08:37:40', 4),
(83, 'ON', '2022-11-29 08:37:46', 4),
(84, 'OFF', '2022-11-29 08:37:47', 4),
(85, 'ON', '2022-11-29 16:33:06', 4),
(86, 'OFF', '2022-11-29 16:36:18', 4),
(87, 'ON', '2022-12-03 03:43:09', 4),
(88, 'ON', '2022-12-07 17:00:01', 4),
(89, 'OFF', '2022-12-07 17:03:39', 4),
(90, 'ON', '2022-12-07 17:04:15', 4),
(91, 'OFF', '2022-12-07 17:04:25', 4);

-- --------------------------------------------------------

--
-- Estructura de tabla para la tabla `users`
--

CREATE TABLE `users` (
  `user_id` bigint(20) UNSIGNED NOT NULL,
  `name` varchar(255) NOT NULL,
  `last_name` varchar(255) NOT NULL,
  `phone` varchar(255) NOT NULL,
  `email` varchar(255) NOT NULL,
  `password` varchar(255) NOT NULL
) ENGINE=InnoDB DEFAULT CHARSET=utf8mb4;

--
-- Volcado de datos para la tabla `users`
--

INSERT INTO `users` (`user_id`, `name`, `last_name`, `phone`, `email`, `password`) VALUES
(4, 'Ana', 'Herrera', '33312312345', 'ana2@gmail.com', 'Ana1234-'),
(5, 'David', 'Vilchis', '1234567891', 'vilchis1@gmail.com', 'Vilchis123-'),
(6, 'Isaac', 'Lopez', '1234567892', 'isaac1@gmail.com', 'Isac1234-'),
(7, 'Juan', 'Guzman', '9876543123', 'juan2@gmail.com', 'Juan123-'),
(8, 'Zoe', 'Martinez', '1234567812', 'zoe9@gmail.com', 'Zoe1234-'),
(9, 'Pepe', 'Perez', '1234561234', 'pepe9@gmail.com', 'Pepe1234-'),
(10, 'Lola', 'Lopez', '9876543321', 'lola12@hotmail.com', 'Lola1234-'),
(11, 'Kevin', 'Flores', '9879879879', 'kevin1@yahoo.com.mx', 'Kevin1234-'),
(12, 'Miguel', 'Marquez', '98798798788', 'miguel1@gmail.com', 'Miguel1234-'),
(13, 'Emanuel', 'Garcia', '1234512345', 'ema12@gmail.com', 'Ema1234-'),
(19, 'prueba1', 'prueba1', '1234512345', 'prueba1@gmail.com', 'Prueba1-'),
(22, 'prueba3', 'prueba3', '9879879879', 'prueba3@hotmail.com', 'Prueba1-'),
(26, 'prueba5', 'prueba5', '1234567891', 'prueba5@hotmail.com', 'Prueba4-'),
(27, 'David', 'Vilchis', '1234567899', 'vilchis1.2@gmail.com', 'Prueba1-'),
(28, 'Jimin', 'Park', '9879879870', 'jm1@gmail.com', 'Jimin1234-'),
(30, 'Zab', 'Ramirez', '4492272222', 'zabdibvb19@gmail.com', 'Zabdi1234-'),
(33, 'Jungkook', 'Jeon de Kim', '4496869621', 'Jk97@gmail.com', 'Jk123456-');

--
-- Índices para tablas volcadas
--

--
-- Indices de la tabla `config`
--
ALTER TABLE `config`
  ADD PRIMARY KEY (`id`);

--
-- Indices de la tabla `gaslevel`
--
ALTER TABLE `gaslevel`
  ADD PRIMARY KEY (`id`);

--
-- Indices de la tabla `mq_state`
--
ALTER TABLE `mq_state`
  ADD PRIMARY KEY (`mq_id`),
  ADD KEY `user_id` (`user_id`);

--
-- Indices de la tabla `pir_state`
--
ALTER TABLE `pir_state`
  ADD PRIMARY KEY (`pir_id`),
  ADD KEY `user_id` (`user_id`);

--
-- Indices de la tabla `users`
--
ALTER TABLE `users`
  ADD PRIMARY KEY (`user_id`);

--
-- AUTO_INCREMENT de las tablas volcadas
--

--
-- AUTO_INCREMENT de la tabla `config`
--
ALTER TABLE `config`
  MODIFY `id` int(11) NOT NULL AUTO_INCREMENT, AUTO_INCREMENT=2;

--
-- AUTO_INCREMENT de la tabla `gaslevel`
--
ALTER TABLE `gaslevel`
  MODIFY `id` int(11) NOT NULL AUTO_INCREMENT, AUTO_INCREMENT=498;

--
-- AUTO_INCREMENT de la tabla `mq_state`
--
ALTER TABLE `mq_state`
  MODIFY `mq_id` bigint(20) UNSIGNED NOT NULL AUTO_INCREMENT, AUTO_INCREMENT=92;

--
-- AUTO_INCREMENT de la tabla `pir_state`
--
ALTER TABLE `pir_state`
  MODIFY `pir_id` bigint(20) UNSIGNED NOT NULL AUTO_INCREMENT, AUTO_INCREMENT=92;

--
-- AUTO_INCREMENT de la tabla `users`
--
ALTER TABLE `users`
  MODIFY `user_id` bigint(20) UNSIGNED NOT NULL AUTO_INCREMENT, AUTO_INCREMENT=34;

--
-- Restricciones para tablas volcadas
--

--
-- Filtros para la tabla `mq_state`
--
ALTER TABLE `mq_state`
  ADD CONSTRAINT `fk_mqUser` FOREIGN KEY (`user_id`) REFERENCES `users` (`user_id`) ON DELETE CASCADE;

--
-- Filtros para la tabla `pir_state`
--
ALTER TABLE `pir_state`
  ADD CONSTRAINT `fk_pirUser` FOREIGN KEY (`user_id`) REFERENCES `users` (`user_id`) ON DELETE CASCADE;
COMMIT;

/*!40101 SET CHARACTER_SET_CLIENT=@OLD_CHARACTER_SET_CLIENT */;
/*!40101 SET CHARACTER_SET_RESULTS=@OLD_CHARACTER_SET_RESULTS */;
/*!40101 SET COLLATION_CONNECTION=@OLD_COLLATION_CONNECTION */;
